From;To;Trips;Trips2
11;41;5;5.459
11;54;2;2.470
11;40;15;15.367
11;42;1;1.513
11;6;3;3.806
11;8;10;10.447
11;9;3;3.224
11;14;2;2.548
11;73;8;8.876
11;12;2;2.984
11;58;1;1.031
11;59;1;1.140
11;66;3;3.291
11;75;1;1.887
11;38;7;7.407
11;39;2;2.538
11;37;2;2.209
11;4;1;1.076
11;55;2;2.843
11;57;3;3.888
11;74;1;1.998
11;69;6;6.540
11;51;3;3.802
11;10;10;10.961
11;7;4;4.440
11;181;9;9.642
11;2;4;4.806
11;13;5;5.331
11;5;5;5.109
11;71;5;5.807
41;11;9;9.129
41;54;5;5.347
41;40;8;8.836
41;8;3;3.920
41;9;5;5.334
41;73;8;8.207
41;58;1;1.277
41;59;1;1.258
41;66;2;2.213
41;75;5;5.321
41;38;4;4.307
41;39;1;1.796
41;37;2;2.018
41;57;4;4.224
41;74;1;1.918
41;29;2;2.801
41;69;6;6.891
41;51;4;4.510
41;10;4;4.331
41;71;4;4.557
54;11;2;2.077
54;41;2;2.034
54;8;2;2.300
54;75;1;1.776
54;38;1;1.174
54;57;1;1.014
54;56;2;2.254
54;29;1;1.561
54;69;1;1.261
54;53;1;1.420
54;51;2;2.522
54;10;2;2.088
54;11;1;1.693
54;8;2;2.374
54;9;1;1.663
54;38;1;1.023
54;53;1;1.108
54;10;4;4.496
54;181;1;1.544
40;11;18;18.257
40;41;6;6.847
40;1;2;2.021
40;3;1;1.476
40;8;12;12.545
40;9;15;15.593
40;73;1;1.372
40;58;3;3.018
40;59;2;2.584
40;66;1;1.848
40;38;9;9.312
40;39;3;3.018
40;37;7;7.158
40;57;5;5.029
40;29;3;3.053
40;69;6;6.697
40;10;7;7.662
40;181;1;1.258
40;2;2;2.744
40;71;4;4.664
42;73;1;1.659
42;75;1;1.517
42;51;1;1.012
1;9;1;1.423
6;11;1;1.358
6;1;1;1.404
6;8;1;1.050
6;9;2;2.025
6;4;1;1.400
6;10;1;1.824
6;7;1;1.402
6;2;2;2.621
6;5;5;5.366
25;21;1;1.986
25;24;1;1.283
25;19;2;2.330
25;22;1;1.928
25;23;1;1.019
26;21;3;3.501
26;25;6;6.924
26;24;6;6.129
26;20;2;2.371
26;19;4;4.587
26;22;3;3.881
26;23;2;2.861
3;9;1;1.562
3;2;1;1.297
8;11;15;15.106
8;41;3;3.242
8;54;12;12.097
8;40;27;27.575
8;42;2;2.485
8;1;2;2.288
8;6;2;2.567
8;3;1;1.166
8;9;13;13.770
8;73;16;16.713
8;58;3;3.229
8;59;2;2.877
8;66;2;2.827
8;75;10;10.662
8;38;7;7.415
8;39;4;4.213
8;37;3;3.777
8;4;3;3.347
8;55;5;5.090
8;57;23;23.429
8;74;3;3.912
8;29;9;9.177
8;69;9;9.931
8;53;1;1.437
8;51;10;10.923
8;30;1;1.499
8;10;9;9.562
8;7;3;3.688
8;181;1;1.304
8;2;5;5.733
8;5;7;7.033
8;70;1;1.008
8;71;6;6.716
9;11;5;5.882
9;41;5;5.045
9;54;12;12.638
9;40;50;50.018
9;42;1;1.475
9;1;4;4.194
9;6;7;7.688
9;3;2;2.200
9;8;20;20.170
9;73;26;26.975
9;58;8;8.866
9;59;7;7.635
9;75;9;9.150
9;38;24;24.343
9;39;11;11.524
9;37;11;11.209
9;4;7;7.593
9;55;6;6.153
9;57;10;10.570
9;74;5;5.952
9;29;3;3.941
9;69;5;5.021
9;53;1;1.328
9;51;11;11.262
9;10;2;2.803
9;7;7;7.926
9;181;1;1.643
9;2;11;11.374
9;5;17;17.274
9;71;4;4.650
14;13;1;1.072
73;11;10;10.574
73;41;4;4.588
73;54;1;1.906
73;40;1;1.556
73;42;1;1.944
73;1;1;1.036
73;8;6;6.887
73;9;7;7.194
73;66;3;3.680
73;75;4;4.027
73;38;2;2.232
73;37;1;1.319
73;74;1;1.484
73;69;7;7.519
73;68;1;1.106
73;51;2;2.126
73;10;6;6.325
73;181;1;1.121
73;2;1;1.467
73;5;1;1.008
73;70;1;1.144
73;71;3;3.986
28;21;2;2.018
28;25;3;3.656
28;26;1;1.362
28;24;2;2.934
28;27;1;1.922
28;20;1;1.689
28;19;2;2.921
28;22;3;3.172
28;23;2;2.206
27;21;4;4.233
27;25;6;6.127
27;26;4;4.517
27;24;4;4.345
27;20;2;2.883
27;18;1;1.103
27;19;5;5.814
27;22;5;5.023
27;23;4;4.008
27;71;1;1.001
12;11;3;3.398
12;13;1;1.196
58;59;1;1.365
59;59;4;4.667
66;11;5;5.404
66;41;2;2.967
66;54;2;2.294
66;40;6;6.715
66;42;1;1.558
66;8;4;4.161
66;73;10;10.150
66;75;1;1.810
66;38;3;3.185
66;39;1;1.322
66;55;3;3.086
66;57;3;3.679
66;74;1;1.418
66;69;8;8.922
66;51;2;2.802
66;10;5;5.078
66;181;3;3.429
66;71;5;5.117
75;11;3;3.466
75;41;4;4.863
75;54;1;1.902
75;40;1;1.742
75;42;2;2.960
75;8;8;8.320
75;9;6;6.264
75;73;2;2.118
75;66;1;1.084
75;38;2;2.367
75;37;1;1.209
75;74;2;2.692
75;69;1;1.316
75;51;1;1.260
75;10;1;1.325
75;2;1;1.224
38;11;3;3.375
38;41;3;3.725
38;40;5;5.512
38;1;1;1.954
38;3;1;1.143
38;8;3;3.605
38;9;9;9.271
38;73;1;1.486
38;58;1;1.431
38;59;1;1.971
38;75;1;1.160
38;39;15;15.299
38;37;5;5.660
38;57;6;6.045
38;29;2;2.599
38;69;1;1.144
38;10;4;4.787
38;2;4;4.125
39;11;5;5.941
39;41;5;5.690
39;40;5;5.292
39;1;3;3.179
39;3;1;1.939
39;8;8;8.891
39;9;19;19.444
39;58;3;3.830
39;59;4;4.559
39;38;23;23.337
39;37;10;10.012
39;55;1;1.686
39;57;10;10.420
39;29;5;5.499
39;69;2;2.267
39;30;1;1.192
39;10;7;7.191
39;181;1;1.577
39;2;6;6.259
39;71;1;1.547
37;11;3;3.055
37;41;2;2.732
37;40;4;4.810
37;8;4;4.126
37;9;9;9.542
37;58;2;2.024
37;59;2;2.695
37;38;8;8.682
37;39;11;11.574
37;55;1;1.264
37;57;5;5.418
37;29;2;2.033
37;69;1;1.390
37;10;3;3.187
37;2;1;1.853
37;71;1;1.026
59;9;2;2.526
59;58;2;2.492
59;39;1;1.254
59;57;1;1.187
4;11;1;1.392
4;6;1;1.347
4;8;2;2.154
4;9;3;3.355
4;7;2;2.251
4;2;2;2.467
4;5;2;2.525
55;10;1;1.470
57;41;1;1.158
57;40;3;3.571
57;8;5;5.787
57;9;2;2.975
57;38;2;2.305
57;37;1;1.288
57;55;2;2.324
57;29;1;1.229
57;51;1;1.174
57;10;5;5.332
57;181;3;3.958
74;54;1;1.475
74;8;1;1.285
74;9;1;1.205
74;73;1;1.038
74;75;2;2.827
74;51;1;1.268
56;55;2;2.219
29;11;1;1.176
29;41;1;1.426
29;40;5;5.083
29;25;1;1.680
29;24;1;1.048
29;8;3;3.581
29;9;1;1.694
29;27;2;2.321
29;38;2;2.123
29;39;1;1.004
29;37;1;1.284
29;55;7;7.622
29;57;10;10.134
29;53;1;1.016
29;51;2;2.851
29;10;4;4.161
29;181;2;2.299
29;19;1;1.108
67;69;3;3.069
67;71;1;1.878
69;11;4;4.288
69;41;2;2.913
69;40;4;4.717
69;8;4;4.980
69;9;2;2.425
69;73;4;4.668
69;66;1;1.619
69;38;2;2.139
69;10;5;5.299
69;181;4;4.558
53;11;1;1.315
53;54;1;1.054
53;57;2;2.364
53;56;3;3.331
53;29;1;1.712
53;10;3;3.615
53;181;1;1.387
52;54;1;1.186
52;8;1;1.750
52;9;1;1.589
52;10;1;1.136
30;41;1;1.336
30;40;4;4.846
30;21;1;1.075
30;25;2;2.279
30;24;1;1.571
30;8;2;2.670
30;27;3;3.621
30;38;2;2.631
30;39;1;1.126
30;37;1;1.415
30;29;1;1.577
30;10;3;3.918
30;181;1;1.316
30;19;1;1.663
30;22;1;1.548
30;23;1;1.036
10;11;18;18.132
10;41;3;3.089
10;54;1;1.716
10;40;13;13.700
10;6;2;2.360
10;25;1;1.498
10;8;6;6.943
10;9;2;2.413
10;14;2;2.631
10;73;6;6.487
10;28;1;1.428
10;27;1;1.584
10;58;1;1.961
10;59;1;1.958
10;66;3;3.807
10;38;8;8.588
10;39;3;3.205
10;37;2;2.957
10;55;21;21.022
10;57;29;29.792
10;74;1;1.069
10;29;7;7.080
10;69;12;12.376
10;53;3;3.054
10;68;1;1.280
10;51;7;7.985
10;30;1;1.228
10;7;2;2.585
10;181;3;3.998
10;2;2;2.568
10;13;3;3.226
10;5;2;2.778
10;19;1;1.455
10;22;1;1.209
10;71;9;9.925
7;11;3;3.090
7;1;1;1.331
7;6;1;1.694
7;8;1;1.390
7;9;2;2.713
7;4;2;2.143
7;10;1;1.667
7;2;2;2.477
7;5;3;3.524
181;11;20;20.694
181;54;1;1.265
181;40;7;7.323
181;6;1;1.328
181;8;2;2.729
181;9;1;1.674
181;14;3;3.942
181;73;3;3.552
181;58;1;1.349
181;59;1;1.079
181;66;4;4.073
181;38;3;3.510
181;39;1;1.561
181;37;1;1.840
181;4;1;1.192
181;55;10;10.107
181;57;18;18.865
181;29;5;5.187
181;69;12;12.399
181;53;1;1.721
181;68;1;1.354
181;51;3;3.599
181;10;7;7.401
181;7;1;1.372
181;2;1;1.734
181;13;3;3.397
181;5;3;3.014
181;70;1;1.044
181;71;7;7.335
2;11;4;4.135
2;40;3;3.329
2;1;2;2.528
2;6;1;1.630
2;3;2;2.219
2;8;3;3.239
2;9;4;4.826
2;73;1;1.733
2;38;5;5.196
2;39;5;5.841
2;37;3;3.381
2;4;2;2.670
2;10;2;2.376
2;7;2;2.005
2;5;3;3.029
13;11;4;4.122
13;14;1;1.664
13;12;1;1.892
5;11;1;1.200
5;1;1;1.032
5;6;2;2.551
5;8;2;2.212
5;9;3;3.745
5;10;1;1.215
5;7;2;2.276
5;2;1;1.979
23;21;1;1.233
23;22;1;1.380
32;27;1;1.412
32;30;1;1.414
33;27;1;1.930
33;10;1;1.382
34;25;1;1.071
34;27;2;2.055
34;30;1;1.008
34;10;1;1.407
70;71;2;2.076
71;11;2;2.261
71;41;1;1.539
71;40;2;2.401
71;8;2;2.599
71;9;1;1.921
71;73;2;2.139
71;71;1;1.350
71;10;3;3.062
71;181;2;2.441
71;70;1;1.017